club name ,instagram_username
Arsenal,@arsenal
Aston Villa,@astonvilla
Bournemouth,@afcbournemouth
Brentford,@brentfordfc
Brighton and Hove Albion,@officialbha
Burnley,@burnleyfootballclub
Chelsea,@chelseafc
Crystal Palace,@crystalpalacefc
Everton,@everton
Fulham,@fulhamfc
Leeds United,@leedsunited
Leicester City,@lcfc
Liverpool,@liverpoolfc
Manchester City,@mancity
Manchester United,@manchesterunited
Newcastle United,@newcastleunited
Nottingham Forest,@nottinghamforest
Southampton,@southamptonfc
Tottenham Hotspur,@spursofficial
West Ham United,@westham
Wolverhampton Wanderers,@wolves
Barnsley,@barnsleyfc
Birmingham City,@birminghamcityfc
Blackburn Rovers,@rovers
Blackpool,@blackpoolfc
Bolton Wanderers,@officialbwfc
Bradford City,@bradfordcityfc
Burton Albion,@officialburtonalbion
Cambridge United,@cambridgeunited
Cardiff City,@cardiffcityfc
Charlton Athletic,@cafc
Cheltenham Town,@ctfc_official
Colchester United,@colchesterunitedfc
Coventry City,@ccfcofficial
Crawley Town,@crawleytown
Derby County,@dcfcofficial
Doncaster Rovers,@drfc_official
Exeter City,@exeter_city
Fleetwood Town,@ftfc_official
Gillingham,@officialgillinghamfc
Grimsby Town,@gtfc_official
Harrogate Town,@harrogatetownafc
Hartlepool United,@hartlepoolunited
Huddersfield Town,@htafcdotcom
Ipswich Town,@ipswichtown
Lincoln City,@lincolncityfc
Luton Town,@lutontown
Mansfield Town,@mansfieldtown
Milton Keynes Dons,@mkdons
Morecambe,@morecambefc
Newport County,@newportcountyafc
Northampton Town,@ntfc_official
Oxford United,@officialoufc
Peterborough United,@peterboroughunited
Plymouth Argyle,@officialpafc
Port Vale,@portvale
Portsmouth,@pompey
Reading,@readingfc
Rochdale,@rochdaleafc
Rotherham United,@rotherhamutd
Salford City,@salfordcityfc
Sheffield Wednesday,@swfc
Shrewsbury Town,@shrewsburytown
Sunderland,@safc
Swindon Town,@officialswindontown
Tranmere Rovers,@tranmereroversfc
Wigan Athletic,@wiganathletic
Accrington Stanley,@accringtonstanleyfc
Altrincham,@altrinchamfc
AFC Fylde,@afcfylde
Aldershot Town,@aldershottownfc
Boreham Wood,@borehamwoodfc
Chesterfield,@chesterfieldfc
Dagenham & Redbridge,@daggersofficial
Eastleigh,@eastleighfc
FC Halifax Town,@fchalifaxtown
King's Lynn Town,@kltownfc
Maidenhead United,@maidenheadunitedfc
Notts County,@nottscountyfc
Solihull Moors,@solihullmoorsfc
Southend United,@southendunitedfc
Stockport County,@stockportcounty
Torquay United,@torquayunitedfc
Woking,@wokingfc
Yeovil Town,@yeoviltownfc